Id,weight
40.100.60.94,1.483850048385e-06
181.140.129.127,1.4434797881949999e-06
100.107.170.210,1.5518262781874998e-06
16.83.227.65,1.4343141513600004e-06
110.213.27.165,1.5586088585575e-06
204.226.186.98,1.53176727405e-06
216.209.63.28,1.5306226981150004e-06
49.234.204.255,1.4660028093150005e-06
25.220.26.78,1.4727107998350004e-06
127.227.95.163,1.5133661295049998e-06
